Type,AP_height,AP_width,AP1_peak,AP1_width,Spikecount,ISI mean,dvdt Peak1 Height,dvdt Peak1 Voltage,dvdt Peak2 Height,dvdt Peak2 Voltage,dvdt Threshold,ais spikecount,nex spikecount,disdend spikecount
na12_HMM_TF100923,23.779224537536606,0.19999999999998863,25.944233251260552,0.811184043500485,20,23.663157894740372,341.01716410755,-40.88071594607652,460.81777115412274,0.8137785831594782,-54.284631715961936,20,0,0
na12_HMM_TF100923,23.779224537536606,0.19999999999998863,25.944233251260552,0.811184043500485,20,23.663157894740372,341.01716410755,-40.88071594607652,460.81777115412274,0.8137785831594782,-54.284631715961936,20,0,0
na12_HMM_TF100923,23.779224537536606,0.19999999999998863,25.944233251260552,0.811184043500485,20,23.663157894740372,341.01716410755,-40.88071594607652,460.81777115412274,0.8137785831594782,-54.284631715961936,20,0,0
na12_HMM_TF100923,23.779224537536606,0.19999999999998863,25.944233251260552,0.811184043500485,20,23.663157894740372,341.01716410755,-40.88071594607652,460.81777115412274,0.8137785831594782,-54.284631715961936,20,0,0
