Type,AP_height,AP_width,AP1_peak,AP1_width,Spikecount,ISI mean,dvdt Peak1 Height,dvdt Peak1 Voltage,dvdt Peak2 Height,dvdt Peak2 Voltage,dvdt Threshold,ais spikecount,nex spikecount,disdend spikecount
mut1_4_121123,23.38430310565673,0.19999999999998863,24.671586045139303,0.7795002877524124,8,59.457142857152185,337.6720401086636,-43.604092377121894,481.3852584335182,2.2960768663745066,-57.132730635802616,8,0,0
