Type,AP_height,AP_width,AP1_peak,AP1_width,Spikecount,ISI mean,dvdt Peak1 Height,dvdt Peak1 Voltage,dvdt Peak2 Height,dvdt Peak2 Voltage,dvdt Threshold,ais spikecount,nex spikecount,disdend spikecount
mut3_2_121123,23.61368757478889,0.19999999999998863,24.585079686022425,0.7815669898201354,8,59.42857142858075,337.13495102927806,-43.683861854252335,479.651518743099,2.031759579997592,-57.13291017710315,8,0,0
