Type,AP_height,AP_width,AP1_peak,AP1_width,Spikecount,ISI mean,dvdt Peak1 Height,dvdt Peak1 Voltage,dvdt Peak2 Height,dvdt Peak2 Voltage,dvdt Threshold,ais spikecount,nex spikecount,disdend spikecount
T400R_010524HOF,25.03389879761147,0.19999999999998863,28.511211569815405,0.7407184934809263,8,60.78571428572394,353.65639453910376,-44.721863112237116,512.7287023228115,2.683145097617975,-57.11603036247374,8,0,0
